{
    "title": "The Infinite Breath of the Builder",
    "creator": "Justin Neal Thomas Conzet",
    "features": [
        "Ultra-High Resolution Static Scroll Image",
        "Infinite Zoom Animation",
        "Mystical Bass Soundscape",
        "Personal Evolutionary Sigil",
        "Mystical Guardians and Totems",
        "Past Life Memory Echoes",
        "DNA Activation Spirals",
        "Chakra Explosions",
        "Cosmic Backgrounds",
        "Hidden Prophecy Glyphs"
    ],
    "signature": "Embedded digitally",
    "no_third_party_branding": true
}