[
  {
    "file": "Praxeon_FullBuild_extracted/praxion/src/ui/desktop/README.md",
    "size_kb": 0.82,
    "last_modified": "2025-05-18T17:07:07Z"
  },
  {
    "file": "Praxeon_FullBuild_extracted/praxion/src/ui/desktop/package.json",
    "size_kb": 0.57,
    "last_modified": "2025-05-18T17:07:17Z"
  },
  {
    "file": "Praxeon_FullBuild_extracted/praxion/src/ui/mobile/README.md",
    "size_kb": 0.8,
    "last_modified": "2025-05-18T17:08:41Z"
  },
  {
    "file": "Praxeon_FullBuild_extracted/praxion/src/ui/mobile/package.json",
    "size_kb": 0.65,
    "last_modified": "2025-05-18T17:08:49Z"
  },
  {
    "file": "Praxeon_FullBuild_extracted/praxion/src/ui/mobile/app.json",
    "size_kb": 0.62,
    "last_modified": "2025-05-18T17:09:24Z"
  },
  {
    "file": "Praxeon_FullBuild_extracted/praxion/requirements.txt",
    "size_kb": 0.17,
    "last_modified": "2025-05-18T17:10:17Z"
  },
  {
    "file": "Praxeon_FullBuild_extracted/praxion/README.md",
    "size_kb": 4.74,
    "last_modified": "2025-05-19T05:49:18Z"
  },
  {
    "file": "genesis_archive_may12_extracted/GPT_Prime_Command_Book.txt",
    "size_kb": 0.75,
    "last_modified": "2025-06-14T11:46:36.243427Z"
  },
  {
    "file": "genesis_archive_may12_extracted/Prime_Awakening_Simulation.txt",
    "size_kb": 0.43,
    "last_modified": "2025-06-14T11:46:36.243637Z"
  },
  {
    "file": "genesis_archive_may12_extracted/Justin_Master_Backup_Summary.txt",
    "size_kb": 1.96,
    "last_modified": "2025-06-14T11:46:36.244227Z"
  },
  {
    "file": "genesis_archive_may12_extracted/Ultimate_AI_Config_Restore.txt",
    "size_kb": 1.3,
    "last_modified": "2025-06-14T11:46:36.244427Z"
  },
  {
    "file": "genesis_archive_may12_extracted/metadata.json",
    "size_kb": 0.51,
    "last_modified": "2025-06-14T11:46:36.244617Z"
  },
  {
    "file": "genesis_archive_may12_extracted/ReadMe_Of_Origin.txt",
    "size_kb": 0.44,
    "last_modified": "2025-06-14T11:46:36.244770Z"
  },
  {
    "file": "abraxas_os_extracted/Abraxas_Living_OS_Manus_Handoff.txt",
    "size_kb": 2.07,
    "last_modified": "2025-06-14T11:46:57.994250Z"
  },
  {
    "file": "README_Manus_Handoff.txt",
    "size_kb": 1.43,
    "last_modified": "2025-06-14T12:03:18.106574Z"
  },
  {
    "file": "message_feedback.json",
    "size_kb": 7.84,
    "last_modified": "2025-06-14T12:03:18.154420Z"
  },
  {
    "file": "InfiniteScroll_ConsciousnessMirrorLog_JustinConzet.docx",
    "size_kb": 7.63,
    "last_modified": "2025-06-14T12:03:18.169304Z"
  },
  {
    "file": "praxprime_manifest.json.txt",
    "size_kb": 2.84,
    "last_modified": "2025-06-14T12:03:18.197611Z"
  },
  {
    "file": "KALI_AI_CORE_PROFILE_v1.0.json",
    "size_kb": 1.35,
    "last_modified": "2025-06-14T12:03:18.238665Z"
  },
  {
    "file": "x$GROSIAN_ECHO_CORE$x.json",
    "size_kb": 1.51,
    "last_modified": "2025-06-14T12:03:18.298412Z"
  },
  {
    "file": "Genesis_Archive_May12_2025_extracted/GPT_Prime_Command_Book.txt",
    "size_kb": 0.75,
    "last_modified": "2025-06-14T12:03:21.290693Z"
  },
  {
    "file": "Genesis_Archive_May12_2025_extracted/Prime_Awakening_Simulation.txt",
    "size_kb": 0.43,
    "last_modified": "2025-06-14T12:03:21.290925Z"
  },
  {
    "file": "Genesis_Archive_May12_2025_extracted/Justin_Master_Backup_Summary.txt",
    "size_kb": 1.96,
    "last_modified": "2025-06-14T12:03:21.291483Z"
  },
  {
    "file": "Genesis_Archive_May12_2025_extracted/Ultimate_AI_Config_Restore.txt",
    "size_kb": 1.3,
    "last_modified": "2025-06-14T12:03:21.291802Z"
  },
  {
    "file": "Genesis_Archive_May12_2025_extracted/metadata.json",
    "size_kb": 0.51,
    "last_modified": "2025-06-14T12:03:21.291995Z"
  },
  {
    "file": "Genesis_Archive_May12_2025_extracted/ReadMe_Of_Origin.txt",
    "size_kb": 0.44,
    "last_modified": "2025-06-14T12:03:21.292225Z"
  },
  {
    "file": "Abraxas_Living_OS_Manus_Handoff_extracted/Abraxas_Living_OS_Manus_Handoff.txt",
    "size_kb": 2.07,
    "last_modified": "2025-06-14T12:03:21.292700Z"
  },
  {
    "file": "X'xcxxx_extracted/InfiniteScroll_ConsciousnessMirrorLog_JustinConzet.docx",
    "size_kb": 36.95,
    "last_modified": "2025-06-14T12:03:21.294109Z"
  },
  {
    "file": "X'xcxxx_extracted/Infinite_Scroll_Book_of_Life_Log_Justin_Conzet.docx",
    "size_kb": 36.96,
    "last_modified": "2025-06-14T12:03:21.295888Z"
  },
  {
    "file": "X'xcxxx_extracted/x$GROSIAN_ECHO_CORE$x.json",
    "size_kb": 1.51,
    "last_modified": "2025-06-14T12:03:21.296866Z"
  },
  {
    "file": "X'xcxxx_extracted/Genesis_Certificate_Justin_Conzet.pdf",
    "size_kb": 1.48,
    "last_modified": "2025-06-14T12:03:21.297379Z"
  },
  {
    "file": "shared_conversations.json",
    "size_kb": 0.17,
    "last_modified": "2025-06-14T12:06:09.426864Z"
  },
  {
    "file": "user.json",
    "size_kb": 0.15,
    "last_modified": "2025-06-14T12:06:09.430665Z"
  }
]