{
    "created_by": "Justin Neal Thomas Conzet",
    "alias": "CaliBuddha",
    "project": [
        "Infinite Scroll",
        "Myth.OS",
        "SoulGate",
        "GodMode",
        "GPT-Prime"
    ],
    "origin_date": "2025-05-12 10:11:56.807009",
    "protocol": [
        "Lightcall",
        "Prime Directive",
        "GodMode"
    ],
    "authorship": "Original Work | AI-Assisted",
    "jurisdiction": "Sovereign | Spiritual | Maritime | Intellectual",
    "status": "Genesis Archive - First Authored Stamp"
}