[{"id": "bac9ffd0-3113-457c-ad6f-00488ad68773", "conversation_id": "67de213b-91e8-800b-9ea1-f6b847a4a46c", "user_id": "user-vfBogO7U4RxNMB4kIaePhvrt", "rating": "thumbs_down", "create_time": "2025-03-24T05:58:18.257483Z", "workspace_id": null, "content": "{\"tags\": [\"audio_issues\", \"interruptions\", \"inaudible_issues\"]}", "evaluation_name": null, "evaluation_treatment": null, "update_time": "2025-03-24T05:58:18.375877Z"}, {"id": "21330f36-fae0-4f2a-9fc5-b0a94d62bac0", "conversation_id": "67f939f2-384c-800b-8093-dab3bea1bc2a", "user_id": "user-vfBogO7U4RxNMB4kIaePhvrt", "rating": "thumbs_up", "create_time": "2025-04-13T08:40:58.011179Z", "workspace_id": null, "content": "{}", "evaluation_name": null, "evaluation_treatment": null, "update_time": "2025-04-13T08:40:58.132272Z"}, {"id": "6cfb86b5-2cbb-4b73-9ebb-9d1eda5bbff2", "conversation_id": "67f939f2-384c-800b-8093-dab3bea1bc2a", "user_id": "user-vfBogO7U4RxNMB4kIaePhvrt", "rating": "thumbs_down", "create_time": "2025-04-14T01:43:43.539418Z", "workspace_id": null, "content": "{}", "evaluation_name": null, "evaluation_treatment": null, "update_time": "2025-04-14T01:43:43.597901Z"}, {"id": "ffcf910c-114c-455f-9f20-3344b23294fb", "conversation_id": "67ff27c4-3fd4-800b-8241-7a388ab2b8b5", "user_id": "user-vfBogO7U4RxNMB4kIaePhvrt", "rating": "thumbs_down", "create_time": "2025-04-16T10:00:44.319555Z", "workspace_id": null, "content": "{}", "evaluation_name": null, "evaluation_treatment": null, "update_time": "2025-04-16T10:00:45.603392Z"}, {"id": "9b07c53d-6336-42c8-951b-177d094057aa", "conversation_id": "680b26eb-8e10-800b-a0ae-8824d3484f83", "user_id": "user-vfBogO7U4RxNMB4kIaePhvrt", "rating": "thumbs_down", "create_time": "2025-04-25T06:13:21.051786Z", "workspace_id": null, "content": "{\"text\": \"\\n\"}", "evaluation_name": null, "evaluation_treatment": null, "update_time": "2025-04-25T06:13:40.654468Z"}, {"id": "91b2fbce-e2e4-49ed-99b4-8fecefbb8b63", "conversation_id": "680ec04a-4d04-800b-8904-abf31cc1c096", "user_id": "user-vfBogO7U4RxNMB4kIaePhvrt", "rating": "thumbs_up", "create_time": "2025-04-28T00:01:34.186230Z", "workspace_id": null, "content": "{}", "evaluation_name": null, "evaluation_treatment": null, "update_time": "2025-04-28T00:01:34.239970Z"}, {"id": "68a4eec7-d13b-4f21-a532-7b2799bb0799", "conversation_id": "6815f93d-6d64-800b-bca8-a5891cf615ee", "user_id": "user-vfBogO7U4RxNMB4kIaePhvrt", "rating": "thumbs_up", "create_time": "2025-05-03T11:34:31.242968Z", "workspace_id": null, "content": "{}", "evaluation_name": null, "evaluation_treatment": null, "update_time": "2025-05-03T11:34:31.297945Z"}, {"id": "52e243a5-36f5-490b-9f3d-3f72b0b17876", "conversation_id": "681d6628-773c-800b-a5a1-ad1833d6cbdb", "user_id": "user-vfBogO7U4RxNMB4kIaePhvrt", "rating": "thumbs_up", "create_time": "2025-05-09T05:25:19.317261Z", "workspace_id": null, "content": "{}", "evaluation_name": null, "evaluation_treatment": null, "update_time": "2025-05-09T05:25:21.650703Z"}, {"id": "a5875637-5a26-498d-bd09-1c523da5e959", "conversation_id": "6821a940-03c4-800b-b7c8-3a84d0628194", "user_id": "user-vfBogO7U4RxNMB4kIaePhvrt", "rating": "thumbs_down", "create_time": "2025-05-12T08:17:45.765906Z", "workspace_id": null, "content": "{}", "evaluation_name": null, "evaluation_treatment": null, "update_time": "2025-05-12T08:17:45.775025Z"}, {"id": "e3df019c-03cb-4610-b19c-091f25314654", "conversation_id": "6823df4e-30d4-800b-ae83-86f8294f33d0", "user_id": "user-vfBogO7U4RxNMB4kIaePhvrt", "rating": "thumbs_down", "create_time": "2025-05-14T00:54:08.578562Z", "workspace_id": null, "content": "{}", "evaluation_name": null, "evaluation_treatment": null, "update_time": "2025-05-14T01:00:38.289905Z"}, {"id": "d4aa668a-200b-4ea4-be92-4ec2e235b0e4", "conversation_id": "6823ff66-91b8-800b-a4bf-9247dc54bba0", "user_id": "user-vfBogO7U4RxNMB4kIaePhvrt", "rating": "thumbs_up", "create_time": "2025-05-14T09:48:48.564321Z", "workspace_id": null, "content": "{}", "evaluation_name": null, "evaluation_treatment": null, "update_time": "2025-05-14T09:49:21.085470Z"}, {"id": "783be964-498b-47a6-9504-084e09b9ad5d", "conversation_id": "6824b3f8-58d4-800b-b955-38b87993ed61", "user_id": "user-vfBogO7U4RxNMB4kIaePhvrt", "rating": "thumbs_up", "create_time": "2025-05-14T17:35:12.363401Z", "workspace_id": null, "content": "{}", "evaluation_name": null, "evaluation_treatment": null, "update_time": "2025-05-14T17:35:12.372224Z"}, {"id": "26fb370e-6271-42f8-9dfe-77193bdf7e4b", "conversation_id": "6824b3f8-58d4-800b-b955-38b87993ed61", "user_id": "user-vfBogO7U4RxNMB4kIaePhvrt", "rating": "thumbs_up", "create_time": "2025-05-14T22:31:00.252116Z", "workspace_id": null, "content": "{}", "evaluation_name": null, "evaluation_treatment": null, "update_time": "2025-05-14T22:31:23.653810Z"}, {"id": "ae08587f-ad00-4044-a421-8e87530ad094", "conversation_id": "6825b5b8-7538-800b-944a-4ac8029bd3b9", "user_id": "user-vfBogO7U4RxNMB4kIaePhvrt", "rating": "thumbs_up", "create_time": "2025-05-15T09:59:26.168722Z", "workspace_id": null, "content": "{}", "evaluation_name": null, "evaluation_treatment": null, "update_time": "2025-05-15T10:05:09.606672Z"}, {"id": "815430b7-2af7-4635-ae07-564ea63096be", "conversation_id": "682991cf-5154-800b-bae9-8ac0ecd77b44", "user_id": "user-vfBogO7U4RxNMB4kIaePhvrt", "rating": "thumbs_down", "create_time": "2025-05-18T08:19:45.925344Z", "workspace_id": null, "content": "{}", "evaluation_name": null, "evaluation_treatment": null, "update_time": "2025-05-18T08:19:45.960589Z"}, {"id": "0a081b43-29ab-4864-8440-203606a6ea7d", "conversation_id": "682cedc8-4890-800b-9317-dddce55d6b5d", "user_id": "user-vfBogO7U4RxNMB4kIaePhvrt", "rating": "thumbs_up", "create_time": "2025-05-20T21:09:32.475828Z", "workspace_id": null, "content": "{}", "evaluation_name": null, "evaluation_treatment": null, "update_time": "2025-05-20T21:09:44.253627Z"}, {"id": "bc8dbbe8-d0d0-46d3-a150-ff6d3417b892", "conversation_id": "682d17a7-6ae0-800b-bf39-38885956c79d", "user_id": "user-vfBogO7U4RxNMB4kIaePhvrt", "rating": "thumbs_up", "create_time": "2025-05-21T01:50:37.123458Z", "workspace_id": null, "content": "{}", "evaluation_name": null, "evaluation_treatment": null, "update_time": "2025-05-21T01:50:37.167299Z"}, {"id": "4be71558-bb2f-45ce-9073-01298efe10f3", "conversation_id": "682eb498-a9f4-800b-b714-23f91fc64b09", "user_id": "user-vfBogO7U4RxNMB4kIaePhvrt", "rating": "thumbs_down", "create_time": "2025-05-22T07:09:13.151946Z", "workspace_id": null, "content": "{}", "evaluation_name": null, "evaluation_treatment": null, "update_time": "2025-05-22T07:09:13.233655Z"}, {"id": "8959f177-c34a-43ab-af0a-e2963b385a1a", "conversation_id": "68351b37-2784-800b-b308-d1394b8332a8", "user_id": "user-vfBogO7U4RxNMB4kIaePhvrt", "rating": "thumbs_up", "create_time": "2025-05-27T08:53:02.290208Z", "workspace_id": null, "content": "{}", "evaluation_name": null, "evaluation_treatment": null, "update_time": "2025-05-27T08:53:02.298627Z"}, {"id": "faa69623-b6f6-47c5-a594-ca5f4facdbf4", "conversation_id": "68351b37-2784-800b-b308-d1394b8332a8", "user_id": "user-vfBogO7U4RxNMB4kIaePhvrt", "rating": "thumbs_up", "create_time": "2025-05-27T09:59:47.849192Z", "workspace_id": null, "content": "{}", "evaluation_name": null, "evaluation_treatment": null, "update_time": "2025-05-27T09:59:47.885964Z"}, {"id": "d468d706-a130-40a2-9745-0f242937d265", "conversation_id": "68375668-1570-800b-9189-7ee1ab60abd7", "user_id": "user-vfBogO7U4RxNMB4kIaePhvrt", "rating": "thumbs_down", "create_time": "2025-05-28T22:40:49.134115Z", "workspace_id": null, "content": "{}", "evaluation_name": null, "evaluation_treatment": null, "update_time": "2025-05-28T22:40:49.181569Z"}, {"id": "7de749bd-575f-462c-90ea-6a8c8e5caef6", "conversation_id": "68393205-8758-800b-bf17-94ac077a42f3", "user_id": "user-vfBogO7U4RxNMB4kIaePhvrt", "rating": "thumbs_up", "create_time": "2025-05-31T03:03:50.920539Z", "workspace_id": null, "content": "{}", "evaluation_name": null, "evaluation_treatment": null, "update_time": "2025-05-31T03:03:50.929934Z"}]