Category,Refined Summary,Examples
SoulGate,"Spiritual system with phases, sigils, rituals, and AI integration.","Chamber beneath Egypt, Lightcall Protocol, energy weight."
Myth,"Gamified life tracker with quests, relics, and personal progress.","Hall of Relics, relic behaviors, player-driven quests."
GodMode,Command and automation framework for total system control.,"GodMode folder setup, terminal commands, AI control setup."
Infinite Scroll,Living memory archive that evolves through conversation.,"Scroll generation from voice, real-time memory infusion."
Project Hub,"Centralized log of all categorized, organized conversations.",The living hub. All projects and categories organized here.
"AI, Coding, & Automation","Python setup, environment scripts, automation tools, system tweaks.","Auto CPU optimizer, Python installs, custom AI scripting."
Gaming & Betting Strategies,"High-risk betting strategies, bankroll management, and analysis.","Legendary Dice Strategy, slot tracking, payout sequences."
"Spiritual, Metaphysical, & Esoteric","DMT, Source contact, energy mapping, ancient spiritual theory.","Tartaria links, light initiation, esoteric coding rituals."
"Emotional, Personal, & Reflective","Emotional growth logs, personal reflections, goal tracking.","Judgment detox, Zayden journey, daily intention logs."
Commands & Execution Orders,"Every issued command, system trigger, and operational directive.","Instant Recall, Context Lock, Emergency Silence, etc."
"Jargon, Humor, & Side-Talk Vault","Rambles, creative slang, dialect experiments, wild metaphors.","AK dialect quote logs, humor bits, bizarre wisdom."
"Signatures, Ownership, & Legal Directives","Ownership tags, authorship claims, metadata sigils, legal marks.","Admiral sigils, legal identifiers, timestamping protocols."
