[
    {
        "name": "Godforged Wind Dagger",
        "slot": "weapon",
        "tier": 5,
        "element": "air",
        "effect": "strikes swiftly and boosts speed temporarily",
        "rarity": "ultimate"
    },
    {
        "name": "Arcane Earth Pistol",
        "slot": "weapon",
        "tier": 3,
        "element": "earth",
        "effect": "fires enchanted bullets and increases defense dramatically",
        "rarity": "epic"
    },
    {
        "name": "Worn Sound Cloak",
        "slot": "armor",
        "tier": 1,
        "element": "vibration",
        "effect": "enhances stealth and emits a sonic pulse to stun enemies",
        "rarity": "basic"
    },
    {
        "name": "Arcane Earth Helmet",
        "slot": "armor",
        "tier": 3,
        "element": "earth",
        "effect": "guards the mind from psychic attack and increases defense dramatically",
        "rarity": "epic"
    },
    {
        "name": "Mythic Shadow Tshirt",
        "slot": "armor",
        "tier": 4,
        "element": "dark",
        "effect": "protects the upper body and grants invisibility after hit",
        "rarity": "legendary"
    },
    {
        "name": "Mythic Hope Tshirt",
        "slot": "armor",
        "tier": 4,
        "element": "faith",
        "effect": "protects the upper body and grants allies small buffs per kill",
        "rarity": "legendary"
    },
    {
        "name": "Enchanted Shadow Boots",
        "slot": "armor",
        "tier": 2,
        "element": "dark",
        "effect": "grants movement bonuses and grants invisibility after hit",
        "rarity": "rare"
    },
    {
        "name": "Worn Hope Cloak",
        "slot": "armor",
        "tier": 1,
        "element": "faith",
        "effect": "enhances stealth and grants allies small buffs per kill",
        "rarity": "basic"
    },
    {
        "name": "Arcane Hope Dagger",
        "slot": "weapon",
        "tier": 3,
        "element": "faith",
        "effect": "strikes swiftly and grants allies small buffs per kill",
        "rarity": "epic"
    },
    {
        "name": "Mythic Earth Sword",
        "slot": "weapon",
        "tier": 4,
        "element": "earth",
        "effect": "slashes enemies and increases defense dramatically",
        "rarity": "legendary"
    },
    {
        "name": "Arcane Storm Pistol",
        "slot": "weapon",
        "tier": 3,
        "element": "electric",
        "effect": "fires enchanted bullets and electrocutes nearby foes",
        "rarity": "epic"
    },
    {
        "name": "Godforged Dream Boots",
        "slot": "armor",
        "tier": 5,
        "element": "psychic",
        "effect": "grants movement bonuses and puts enemies to sleep",
        "rarity": "ultimate"
    },
    {
        "name": "Godforged Dream Cloak",
        "slot": "armor",
        "tier": 5,
        "element": "psychic",
        "effect": "enhances stealth and puts enemies to sleep",
        "rarity": "ultimate"
    },
    {
        "name": "Arcane Ice Sword",
        "slot": "weapon",
        "tier": 3,
        "element": "frost",
        "effect": "slashes enemies and slows enemies",
        "rarity": "epic"
    },
    {
        "name": "Enchanted Rage Ring",
        "slot": "accessory",
        "tier": 2,
        "element": "fury",
        "effect": "channels minor magic and boosts strength with each hit taken",
        "rarity": "rare"
    },
    {
        "name": "Mythic Light Sword",
        "slot": "weapon",
        "tier": 4,
        "element": "holy",
        "effect": "slashes enemies and heals wielder slightly",
        "rarity": "legendary"
    },
    {
        "name": "Worn Despair Pistol",
        "slot": "weapon",
        "tier": 1,
        "element": "shadow",
        "effect": "fires enchanted bullets and saps enemy morale over time",
        "rarity": "basic"
    },
    {
        "name": "Worn Despair Gauntlet",
        "slot": "armor",
        "tier": 1,
        "element": "shadow",
        "effect": "empowers melee strikes and saps enemy morale over time",
        "rarity": "basic"
    },
    {
        "name": "Godforged Despair Dagger",
        "slot": "weapon",
        "tier": 5,
        "element": "shadow",
        "effect": "strikes swiftly and saps enemy morale over time",
        "rarity": "ultimate"
    },
    {
        "name": "Godforged Hope Dagger",
        "slot": "weapon",
        "tier": 5,
        "element": "faith",
        "effect": "strikes swiftly and grants allies small buffs per kill",
        "rarity": "ultimate"
    },
    {
        "name": "Enchanted Blood Ring",
        "slot": "accessory",
        "tier": 2,
        "element": "life",
        "effect": "channels minor magic and sacrifices HP for damage boost",
        "rarity": "rare"
    },
    {
        "name": "Enchanted Venom Pistol",
        "slot": "weapon",
        "tier": 2,
        "element": "toxic",
        "effect": "fires enchanted bullets and poisons enemies on contact",
        "rarity": "rare"
    },
    {
        "name": "Worn Fire Sword",
        "slot": "weapon",
        "tier": 1,
        "element": "fire",
        "effect": "slashes enemies and burns targets over time",
        "rarity": "basic"
    },
    {
        "name": "Enchanted Shadow Tshirt",
        "slot": "armor",
        "tier": 2,
        "element": "dark",
        "effect": "protects the upper body and grants invisibility after hit",
        "rarity": "rare"
    },
    {
        "name": "Worn Fire Helmet",
        "slot": "armor",
        "tier": 1,
        "element": "fire",
        "effect": "guards the mind from psychic attack and burns targets over time",
        "rarity": "basic"
    },
    {
        "name": "Arcane Hope Helmet",
        "slot": "armor",
        "tier": 3,
        "element": "faith",
        "effect": "guards the mind from psychic attack and grants allies small buffs per kill",
        "rarity": "epic"
    },
    {
        "name": "Enchanted Despair Ring",
        "slot": "accessory",
        "tier": 2,
        "element": "shadow",
        "effect": "channels minor magic and saps enemy morale over time",
        "rarity": "rare"
    },
    {
        "name": "Godforged Ice Helmet",
        "slot": "armor",
        "tier": 5,
        "element": "frost",
        "effect": "guards the mind from psychic attack and slows enemies",
        "rarity": "ultimate"
    },
    {
        "name": "Enchanted Sound Sword",
        "slot": "weapon",
        "tier": 2,
        "element": "vibration",
        "effect": "slashes enemies and emits a sonic pulse to stun enemies",
        "rarity": "rare"
    },
    {
        "name": "Mythic Blood Gauntlet",
        "slot": "armor",
        "tier": 4,
        "element": "life",
        "effect": "empowers melee strikes and sacrifices HP for damage boost",
        "rarity": "legendary"
    },
    {
        "name": "Enchanted Storm Dagger",
        "slot": "weapon",
        "tier": 2,
        "element": "electric",
        "effect": "strikes swiftly and electrocutes nearby foes",
        "rarity": "rare"
    },
    {
        "name": "Godforged Sound Scope",
        "slot": "accessory",
        "tier": 5,
        "element": "vibration",
        "effect": "enhances targeting and emits a sonic pulse to stun enemies",
        "rarity": "ultimate"
    },
    {
        "name": "Enchanted Fire Tshirt",
        "slot": "armor",
        "tier": 2,
        "element": "fire",
        "effect": "protects the upper body and burns targets over time",
        "rarity": "rare"
    },
    {
        "name": "Worn Hope Ring",
        "slot": "accessory",
        "tier": 1,
        "element": "faith",
        "effect": "channels minor magic and grants allies small buffs per kill",
        "rarity": "basic"
    },
    {
        "name": "Enchanted Sound Gauntlet",
        "slot": "armor",
        "tier": 2,
        "element": "vibration",
        "effect": "empowers melee strikes and emits a sonic pulse to stun enemies",
        "rarity": "rare"
    },
    {
        "name": "Enchanted Void Dagger",
        "slot": "weapon",
        "tier": 2,
        "element": "void",
        "effect": "strikes swiftly and teleports wielder short distances",
        "rarity": "rare"
    },
    {
        "name": "Arcane Sound Tshirt",
        "slot": "armor",
        "tier": 3,
        "element": "vibration",
        "effect": "protects the upper body and emits a sonic pulse to stun enemies",
        "rarity": "epic"
    },
    {
        "name": "Worn Fire Helmet",
        "slot": "armor",
        "tier": 1,
        "element": "fire",
        "effect": "guards the mind from psychic attack and burns targets over time",
        "rarity": "basic"
    },
    {
        "name": "Godforged Fire Cloak",
        "slot": "armor",
        "tier": 5,
        "element": "fire",
        "effect": "enhances stealth and burns targets over time",
        "rarity": "ultimate"
    },
    {
        "name": "Worn Fire Scope",
        "slot": "accessory",
        "tier": 1,
        "element": "fire",
        "effect": "enhances targeting and burns targets over time",
        "rarity": "basic"
    },
    {
        "name": "Mythic Time Dagger",
        "slot": "weapon",
        "tier": 4,
        "element": "temporal",
        "effect": "strikes swiftly and slows time briefly when struck",
        "rarity": "legendary"
    },
    {
        "name": "Worn Venom Pistol",
        "slot": "weapon",
        "tier": 1,
        "element": "toxic",
        "effect": "fires enchanted bullets and poisons enemies on contact",
        "rarity": "basic"
    },
    {
        "name": "Mythic Light Ring",
        "slot": "accessory",
        "tier": 4,
        "element": "holy",
        "effect": "channels minor magic and heals wielder slightly",
        "rarity": "legendary"
    },
    {
        "name": "Worn Fire Pistol",
        "slot": "weapon",
        "tier": 1,
        "element": "fire",
        "effect": "fires enchanted bullets and burns targets over time",
        "rarity": "basic"
    },
    {
        "name": "Worn Blood Tshirt",
        "slot": "armor",
        "tier": 1,
        "element": "life",
        "effect": "protects the upper body and sacrifices HP for damage boost",
        "rarity": "basic"
    },
    {
        "name": "Godforged Blood Boots",
        "slot": "armor",
        "tier": 5,
        "element": "life",
        "effect": "grants movement bonuses and sacrifices HP for damage boost",
        "rarity": "ultimate"
    },
    {
        "name": "Enchanted Time Pistol",
        "slot": "weapon",
        "tier": 2,
        "element": "temporal",
        "effect": "fires enchanted bullets and slows time briefly when struck",
        "rarity": "rare"
    },
    {
        "name": "Mythic Dream Scope",
        "slot": "accessory",
        "tier": 4,
        "element": "psychic",
        "effect": "enhances targeting and puts enemies to sleep",
        "rarity": "legendary"
    },
    {
        "name": "Arcane Void Tshirt",
        "slot": "armor",
        "tier": 3,
        "element": "void",
        "effect": "protects the upper body and teleports wielder short distances",
        "rarity": "epic"
    },
    {
        "name": "Mythic Hope Boots",
        "slot": "armor",
        "tier": 4,
        "element": "faith",
        "effect": "grants movement bonuses and grants allies small buffs per kill",
        "rarity": "legendary"
    },
    {
        "name": "Worn Fire Sword",
        "slot": "weapon",
        "tier": 1,
        "element": "fire",
        "effect": "slashes enemies and burns targets over time",
        "rarity": "basic"
    },
    {
        "name": "Godforged Rage Ring",
        "slot": "accessory",
        "tier": 5,
        "element": "fury",
        "effect": "channels minor magic and boosts strength with each hit taken",
        "rarity": "ultimate"
    },
    {
        "name": "Mythic Blood Sword",
        "slot": "weapon",
        "tier": 4,
        "element": "life",
        "effect": "slashes enemies and sacrifices HP for damage boost",
        "rarity": "legendary"
    },
    {
        "name": "Godforged Sound Dagger",
        "slot": "weapon",
        "tier": 5,
        "element": "vibration",
        "effect": "strikes swiftly and emits a sonic pulse to stun enemies",
        "rarity": "ultimate"
    },
    {
        "name": "Arcane Venom Tshirt",
        "slot": "armor",
        "tier": 3,
        "element": "toxic",
        "effect": "protects the upper body and poisons enemies on contact",
        "rarity": "epic"
    },
    {
        "name": "Worn Shadow Cloak",
        "slot": "armor",
        "tier": 1,
        "element": "dark",
        "effect": "enhances stealth and grants invisibility after hit",
        "rarity": "basic"
    },
    {
        "name": "Enchanted Ice Gauntlet",
        "slot": "armor",
        "tier": 2,
        "element": "frost",
        "effect": "empowers melee strikes and slows enemies",
        "rarity": "rare"
    },
    {
        "name": "Godforged Blood Sword",
        "slot": "weapon",
        "tier": 5,
        "element": "life",
        "effect": "slashes enemies and sacrifices HP for damage boost",
        "rarity": "ultimate"
    },
    {
        "name": "Godforged Storm Scope",
        "slot": "accessory",
        "tier": 5,
        "element": "electric",
        "effect": "enhances targeting and electrocutes nearby foes",
        "rarity": "ultimate"
    },
    {
        "name": "Worn Storm Cloak",
        "slot": "armor",
        "tier": 1,
        "element": "electric",
        "effect": "enhances stealth and electrocutes nearby foes",
        "rarity": "basic"
    },
    {
        "name": "Enchanted Rage Dagger",
        "slot": "weapon",
        "tier": 2,
        "element": "fury",
        "effect": "strikes swiftly and boosts strength with each hit taken",
        "rarity": "rare"
    },
    {
        "name": "Mythic Void Ring",
        "slot": "accessory",
        "tier": 4,
        "element": "void",
        "effect": "channels minor magic and teleports wielder short distances",
        "rarity": "legendary"
    },
    {
        "name": "Enchanted Despair Scope",
        "slot": "accessory",
        "tier": 2,
        "element": "shadow",
        "effect": "enhances targeting and saps enemy morale over time",
        "rarity": "rare"
    },
    {
        "name": "Worn Fire Cloak",
        "slot": "armor",
        "tier": 1,
        "element": "fire",
        "effect": "enhances stealth and burns targets over time",
        "rarity": "basic"
    },
    {
        "name": "Worn Ice Ring",
        "slot": "accessory",
        "tier": 1,
        "element": "frost",
        "effect": "channels minor magic and slows enemies",
        "rarity": "basic"
    },
    {
        "name": "Enchanted Light Pistol",
        "slot": "weapon",
        "tier": 2,
        "element": "holy",
        "effect": "fires enchanted bullets and heals wielder slightly",
        "rarity": "rare"
    },
    {
        "name": "Worn Shadow Scope",
        "slot": "accessory",
        "tier": 1,
        "element": "dark",
        "effect": "enhances targeting and grants invisibility after hit",
        "rarity": "basic"
    },
    {
        "name": "Godforged Blood Cloak",
        "slot": "armor",
        "tier": 5,
        "element": "life",
        "effect": "enhances stealth and sacrifices HP for damage boost",
        "rarity": "ultimate"
    },
    {
        "name": "Mythic Dream Helmet",
        "slot": "armor",
        "tier": 4,
        "element": "psychic",
        "effect": "guards the mind from psychic attack and puts enemies to sleep",
        "rarity": "legendary"
    },
    {
        "name": "Enchanted Shadow Pistol",
        "slot": "weapon",
        "tier": 2,
        "element": "dark",
        "effect": "fires enchanted bullets and grants invisibility after hit",
        "rarity": "rare"
    },
    {
        "name": "Worn Time Cloak",
        "slot": "armor",
        "tier": 1,
        "element": "temporal",
        "effect": "enhances stealth and slows time briefly when struck",
        "rarity": "basic"
    },
    {
        "name": "Mythic Blood Scope",
        "slot": "accessory",
        "tier": 4,
        "element": "life",
        "effect": "enhances targeting and sacrifices HP for damage boost",
        "rarity": "legendary"
    },
    {
        "name": "Godforged Rage Helmet",
        "slot": "armor",
        "tier": 5,
        "element": "fury",
        "effect": "guards the mind from psychic attack and boosts strength with each hit taken",
        "rarity": "ultimate"
    },
    {
        "name": "Arcane Void Scope",
        "slot": "accessory",
        "tier": 3,
        "element": "void",
        "effect": "enhances targeting and teleports wielder short distances",
        "rarity": "epic"
    },
    {
        "name": "Enchanted Venom Boots",
        "slot": "armor",
        "tier": 2,
        "element": "toxic",
        "effect": "grants movement bonuses and poisons enemies on contact",
        "rarity": "rare"
    },
    {
        "name": "Enchanted Void Scope",
        "slot": "accessory",
        "tier": 2,
        "element": "void",
        "effect": "enhances targeting and teleports wielder short distances",
        "rarity": "rare"
    },
    {
        "name": "Mythic Rage Dagger",
        "slot": "weapon",
        "tier": 4,
        "element": "fury",
        "effect": "strikes swiftly and boosts strength with each hit taken",
        "rarity": "legendary"
    },
    {
        "name": "Worn Void Gauntlet",
        "slot": "armor",
        "tier": 1,
        "element": "void",
        "effect": "empowers melee strikes and teleports wielder short distances",
        "rarity": "basic"
    },
    {
        "name": "Arcane Earth Helmet",
        "slot": "armor",
        "tier": 3,
        "element": "earth",
        "effect": "guards the mind from psychic attack and increases defense dramatically",
        "rarity": "epic"
    },
    {
        "name": "Arcane Earth Sword",
        "slot": "weapon",
        "tier": 3,
        "element": "earth",
        "effect": "slashes enemies and increases defense dramatically",
        "rarity": "epic"
    },
    {
        "name": "Enchanted Venom Scope",
        "slot": "accessory",
        "tier": 2,
        "element": "toxic",
        "effect": "enhances targeting and poisons enemies on contact",
        "rarity": "rare"
    },
    {
        "name": "Enchanted Void Boots",
        "slot": "armor",
        "tier": 2,
        "element": "void",
        "effect": "grants movement bonuses and teleports wielder short distances",
        "rarity": "rare"
    },
    {
        "name": "Godforged Dream Boots",
        "slot": "armor",
        "tier": 5,
        "element": "psychic",
        "effect": "grants movement bonuses and puts enemies to sleep",
        "rarity": "ultimate"
    },
    {
        "name": "Mythic Hope Pistol",
        "slot": "weapon",
        "tier": 4,
        "element": "faith",
        "effect": "fires enchanted bullets and grants allies small buffs per kill",
        "rarity": "legendary"
    },
    {
        "name": "Godforged Void Gauntlet",
        "slot": "armor",
        "tier": 5,
        "element": "void",
        "effect": "empowers melee strikes and teleports wielder short distances",
        "rarity": "ultimate"
    },
    {
        "name": "Godforged Rage Tshirt",
        "slot": "armor",
        "tier": 5,
        "element": "fury",
        "effect": "protects the upper body and boosts strength with each hit taken",
        "rarity": "ultimate"
    },
    {
        "name": "Arcane Storm Tshirt",
        "slot": "armor",
        "tier": 3,
        "element": "electric",
        "effect": "protects the upper body and electrocutes nearby foes",
        "rarity": "epic"
    },
    {
        "name": "Enchanted Sound Sword",
        "slot": "weapon",
        "tier": 2,
        "element": "vibration",
        "effect": "slashes enemies and emits a sonic pulse to stun enemies",
        "rarity": "rare"
    },
    {
        "name": "Godforged Venom Cloak",
        "slot": "armor",
        "tier": 5,
        "element": "toxic",
        "effect": "enhances stealth and poisons enemies on contact",
        "rarity": "ultimate"
    },
    {
        "name": "Enchanted Blood Ring",
        "slot": "accessory",
        "tier": 2,
        "element": "life",
        "effect": "channels minor magic and sacrifices HP for damage boost",
        "rarity": "rare"
    },
    {
        "name": "Mythic Ice Tshirt",
        "slot": "armor",
        "tier": 4,
        "element": "frost",
        "effect": "protects the upper body and slows enemies",
        "rarity": "legendary"
    },
    {
        "name": "Godforged Light Helmet",
        "slot": "armor",
        "tier": 5,
        "element": "holy",
        "effect": "guards the mind from psychic attack and heals wielder slightly",
        "rarity": "ultimate"
    },
    {
        "name": "Enchanted Despair Boots",
        "slot": "armor",
        "tier": 2,
        "element": "shadow",
        "effect": "grants movement bonuses and saps enemy morale over time",
        "rarity": "rare"
    },
    {
        "name": "Worn Void Scope",
        "slot": "accessory",
        "tier": 1,
        "element": "void",
        "effect": "enhances targeting and teleports wielder short distances",
        "rarity": "basic"
    },
    {
        "name": "Arcane Earth Gauntlet",
        "slot": "armor",
        "tier": 3,
        "element": "earth",
        "effect": "empowers melee strikes and increases defense dramatically",
        "rarity": "epic"
    },
    {
        "name": "Arcane Hope Dagger",
        "slot": "weapon",
        "tier": 3,
        "element": "faith",
        "effect": "strikes swiftly and grants allies small buffs per kill",
        "rarity": "epic"
    },
    {
        "name": "Worn Earth Pistol",
        "slot": "weapon",
        "tier": 1,
        "element": "earth",
        "effect": "fires enchanted bullets and increases defense dramatically",
        "rarity": "basic"
    },
    {
        "name": "Mythic Void Boots",
        "slot": "armor",
        "tier": 4,
        "element": "void",
        "effect": "grants movement bonuses and teleports wielder short distances",
        "rarity": "legendary"
    },
    {
        "name": "Worn Blood Scope",
        "slot": "accessory",
        "tier": 1,
        "element": "life",
        "effect": "enhances targeting and sacrifices HP for damage boost",
        "rarity": "basic"
    },
    {
        "name": "Mythic Despair Cloak",
        "slot": "armor",
        "tier": 4,
        "element": "shadow",
        "effect": "enhances stealth and saps enemy morale over time",
        "rarity": "legendary"
    }
]